Country Name,Country Code,Indicator Name,Indicator Code,1960,1961,1962,1963,1964,1965,1966,1967,1968,1969,1970,1971,1972,1973,1974,1975,1976,1977,1978,1979,1980,1981,1982,1983,1984,1985,1986,1987,1988,1989,1990,1991,1992,1993,1994,1995,1996,1997,1998,1999,2000,2001,2002,2003,2004,2005,2006,2007,2008,2009,2010,2011,2012,2013,2014,2015,2016,2017,2018,2019,2020,2021,2022
Aruba,ABW,Time required to start a business (days),IC.REG.DURS,,,,,,,,,,,,,,,,,,,,,,,,,,,,,,,,,,,,,,,,,,,,,,,,,,,,,,,,,,,,,,,
Africa Eastern and Southern,AFE,Time required to start a business (days),IC.REG.DURS,,,,,,,,,,,,,,,,,,,,,,,,,,,,,,,,,,,,,,,,,,,,77.61764706,71.64285714,66.77083333,60.0625,54.4375,47.77083333,46.52083333,43.72916667,37.39583333,35.4,33.12,32.32,32.03846154,31.57692308,29.28846154,27.82692308,26.82692308,,,
Afghanistan,AFG,Time required to start a business (days),IC.REG.DURS,,,,,,,,,,,,,,,,,,,,,,,,,,,,,,,,,,,,,,,,,,,,,9.5,9.5,9.5,10.5,10.5,9.5,9.5,9.5,9.5,6.5,8.5,8.5,8.5,8.5,8.5,8.5,,,
Africa Western and Central,AFW,Time required to start a business (days),IC.REG.DURS,,,,,,,,,,,,,,,,,,,,,,,,,,,,,,,,,,,,,,,,,,,,45.4,43.8,59.525,59.83333333,55.83333333,54.95238095,50.80952381,49.80952381,37.61904762,35.76190476,29.33181818,25.42272727,25.17272727,24.2,17.90454545,17.74545455,15.25909091,,,
Angola,AGO,Time required to start a business (days),IC.REG.DURS,,,,,,,,,,,,,,,,,,,,,,,,,,,,,,,,,,,,,,,,,,,,83,83,83,83,83,68,68,66,66,66,66,66,36,36,36,36,36,,,
Albania,ALB,Time required to start a business (days),IC.REG.DURS,,,,,,,,,,,,,,,,,,,,,,,,,,,,,,,,,,,,,,,,,,,,41,40,41,39,37,10,6,6,6,5,5,5,5,5,5,4.5,4.5,,,
Andorra,AND,Time required to start a business (days),IC.REG.DURS,,,,,,,,,,,,,,,,,,,,,,,,,,,,,,,,,,,,,,,,,,,,,,,,,,,,,,,,,,,,,,,
Arab World,ARB,Time required to start a business (days),IC.REG.DURS,,,,,,,,,,,,,,,,,,,,,,,,,,,,,,,,,,,,,,,,,,,,47.56923077,42.24375,39.71666667,38.49444444,32.175,22.27,21.615,21.64,21.085,21.84285714,20.60952381,19.61428571,22.2,23.30909091,21.55909091,20.67272727,19.65454545,,,
United Arab Emirates,ARE,Time required to start a business (days),IC.REG.DURS,,,,,,,,,,,,,,,,,,,,,,,,,,,,,,,,,,,,,,,,,,,,19.3,19.3,19.3,19.3,18.3,18.2,15.2,15.2,13.2,8.2,8.3,8.3,8.3,8.3,8.3,3.8,3.8,,,
Argentina,ARG,Time required to start a business (days),IC.REG.DURS,,,,,,,,,,,,,,,,,,,,,,,,,,,,,,,,,,,,,,,,,,,,65.5,29.5,29.5,29.5,29.5,30,25,24.5,24.5,24.5,24.5,24.5,24.5,24.5,24.5,11,11.5,,,
Armenia,ARM,Time required to start a business (days),IC.REG.DURS,,,,,,,,,,,,,,,,,,,,,,,,,,,,,,,,,,,,,,,,,,,,18,18,18,17,17,17,14,14,8,8,5,5,5,5,5,4,4,,,
American Samoa,ASM,Time required to start a business (days),IC.REG.DURS,,,,,,,,,,,,,,,,,,,,,,,,,,,,,,,,,,,,,,,,,,,,,,,,,,,,,,,,,,,,,,,
Antigua and Barbuda,ATG,Time required to start a business (days),IC.REG.DURS,,,,,,,,,,,,,,,,,,,,,,,,,,,,,,,,,,,,,,,,,,,,,,26,22,22,22,22,22,22,22,22,22,22,22,22,22,19,,,
Australia,AUS,Time required to start a business (days),IC.REG.DURS,,,,,,,,,,,,,,,,,,,,,,,,,,,,,,,,,,,,,,,,,,,,3,3,3,3,3,2.5,2.5,2.5,2.5,2.5,2.5,2.5,2.5,2.5,2.5,2.5,2,,,
Austria,AUT,Time required to start a business (days),IC.REG.DURS,,,,,,,,,,,,,,,,,,,,,,,,,,,,,,,,,,,,,,,,,,,,25,25,25,25,25,25,25,25,25,25,25,22,22,21,21,21,21,,,
Azerbaijan,AZE,Time required to start a business (days),IC.REG.DURS,,,,,,,,,,,,,,,,,,,,,,,,,,,,,,,,,,,,,,,,,,,,105,121,113,51,36,10,10,8,8,8,7,5.5,3.5,3.5,3.5,3.5,3.5,,,
Burundi,BDI,Time required to start a business (days),IC.REG.DURS,,,,,,,,,,,,,,,,,,,,,,,,,,,,,,,,,,,,,,,,,,,,13,13,13,13,13,13,13,13,13,7,5,5,4,4,4,5,5,,,
Belgium,BEL,Time required to start a business (days),IC.REG.DURS,,,,,,,,,,,,,,,,,,,,,,,,,,,,,,,,,,,,,,,,,,,,56,34,34,27,4.5,4.5,4.5,4.5,4.5,4.5,4.5,4.5,4.5,4.5,4.5,4.5,5,,,
Benin,BEN,Time required to start a business (days),IC.REG.DURS,,,,,,,,,,,,,,,,,,,,,,,,,,,,,,,,,,,,,,,,,,,,35.5,34.5,34.5,34.5,34.5,34.5,34.5,34.5,32.5,29.5,18.5,12.5,12.5,8.5,8.5,8.5,8.5,,,
Burkina Faso,BFA,Time required to start a business (days),IC.REG.DURS,,,,,,,,,,,,,,,,,,,,,,,,,,,,,,,,,,,,,,,,,,,,40,40,40,34,18,16,14,14,13,13,13,13,13,13,13,13,13,,,
Bangladesh,BGD,Time required to start a business (days),IC.REG.DURS,,,,,,,,,,,,,,,,,,,,,,,,,,,,,,,,,,,,,,,,,,,,,,,,,,,,,,21.8,19.5,19.5,19.5,19.5,19.5,19.5,,,
Bulgaria,BGR,Time required to start a business (days),IC.REG.DURS,,,,,,,,,,,,,,,,,,,,,,,,,,,,,,,,,,,,,,,,,,,,39,39,39,39,39,56,25,25,25,25,25,25,25,23,23,23,23,,,
Bahrain,BHR,Time required to start a business (days),IC.REG.DURS,,,,,,,,,,,,,,,,,,,,,,,,,,,,,,,,,,,,,,,,,,,,,,,,9.4,9.4,9.3,9.3,9.3,9.3,9.3,9.4,9.4,8.3,8.3,8.3,8.3,,,
"Bahamas, The",BHS,Time required to start a business (days),IC.REG.DURS,,,,,,,,,,,,,,,,,,,,,,,,,,,,,,,,,,,,,,,,,,,,,,,,30.5,30.5,30.5,23.5,23.5,23.5,23.5,23.5,28.5,21.5,21.5,21.5,11.5,,,
Bosnia and Herzegovina,BIH,Time required to start a business (days),IC.REG.DURS,,,,,,,,,,,,,,,,,,,,,,,,,,,,,,,,,,,,,,,,,,,,68,63,93,93,93,99,99,109,85,82,82,82,82,80,80,80,80,,,
Belarus,BLR,Time required to start a business (days),IC.REG.DURS,,,,,,,,,,,,,,,,,,,,,,,,,,,,,,,,,,,,,,,,,,,,80,80,80,70,49,32,13,13,13,13,12,12,9,9,9,9,8.5,,,
Belize,BLZ,Time required to start a business (days),IC.REG.DURS,,,,,,,,,,,,,,,,,,,,,,,,,,,,,,,,,,,,,,,,,,,,,,57,44,43,43,43,43,43,43,43,43,43,43,48,48,48,,,
Bermuda,BMU,Time required to start a business (days),IC.REG.DURS,,,,,,,,,,,,,,,,,,,,,,,,,,,,,,,,,,,,,,,,,,,,,,,,,,,,,,,,,,,,,,,
Bolivia,BOL,Time required to start a business (days),IC.REG.DURS,,,,,,,,,,,,,,,,,,,,,,,,,,,,,,,,,,,,,,,,,,,,59,59,49,49,49,49,49,49,49,49,49,49,49,45,41,39.5,39.5,,,
Brazil,BRA,Time required to start a business (days),IC.REG.DURS,,,,,,,,,,,,,,,,,,,,,,,,,,,,,,,,,,,,,,,,,,,,,,,,,,,,,,86.6,83.6,86,82.5,82.5,20.1,16.6,,,
Barbados,BRB,Time required to start a business (days),IC.REG.DURS,,,,,,,,,,,,,,,,,,,,,,,,,,,,,,,,,,,,,,,,,,,,,,,,,,,,18,18,18,19,19,16,16,16,16,,,
Brunei Darussalam,BRN,Time required to start a business (days),IC.REG.DURS,,,,,,,,,,,,,,,,,,,,,,,,,,,,,,,,,,,,,,,,,,,,,,,121.5,121.5,121.5,121.5,108.5,104.5,104.5,104.5,104.5,14.5,14.5,12.5,5.5,5.5,,,
Bhutan,BTN,Time required to start a business (days),IC.REG.DURS,,,,,,,,,,,,,,,,,,,,,,,,,,,,,,,,,,,,,,,,,,,,62,62,62,62,48,46,46,46,35,35,30,15,15,15,12,12,12,,,
Botswana,BWA,Time required to start a business (days),IC.REG.DURS,,,,,,,,,,,,,,,,,,,,,,,,,,,,,,,,,,,,,,,,,,,,125,125,125,105,105,74,59,59,40,40,41,48,48,48,48,48,48,,,
Central African Republic,CAF,Time required to start a business (days),IC.REG.DURS,,,,,,,,,,,,,,,,,,,,,,,,,,,,,,,,,,,,,,,,,,,,22,22,22,22,22,23,24,24,22,22,22,22,22,22,22,22,22,,,
Canada,CAN,Time required to start a business (days),IC.REG.DURS,,,,,,,,,,,,,,,,,,,,,,,,,,,,,,,,,,,,,,,,,,,,3.5,3.5,3.5,3.5,3.5,5.5,5.5,5.5,5.5,5.5,5.5,5.5,1.5,1.5,1.5,1.5,1.5,,,
Central Europe and the Baltics,CEB,Time required to start a business (days),IC.REG.DURS,,,,,,,,,,,,,,,,,,,,,,,,,,,,,,,,,,,,,,,,,,,,50.86363636,46.13636364,36.59090909,33.95454545,28.22727273,24.5,19.45454545,18.90909091,19.09090909,18.90909091,17.90909091,16.81818182,16.09090909,15.72727273,15.72727273,18,15.90909091,,,
Switzerland,CHE,Time required to start a business (days),IC.REG.DURS,,,,,,,,,,,,,,,,,,,,,,,,,,,,,,,,,,,,,,,,,,,,20,18,18,18,18,18,18,18,18,18,18,10,10,10,10,10,10,,,
Channel Islands,CHI,Time required to start a business (days),IC.REG.DURS,,,,,,,,,,,,,,,,,,,,,,,,,,,,,,,,,,,,,,,,,,,,,,,,,,,,,,,,,,,,,,,
Chile,CHL,Time required to start a business (days),IC.REG.DURS,,,,,,,,,,,,,,,,,,,,,,,,,,,,,,,,,,,,,,,,,,,,42,42,42,40,40,40,40,36.5,9.5,7.5,7.5,7.5,7.5,7.5,7.5,6,4,,,
China,CHN,Time required to start a business (days),IC.REG.DURS,,,,,,,,,,,,,,,,,,,,,,,,,,,,,,,,,,,,,,,,,,,,,,,,,,,,,,34.3,31.4,31.4,28.9,24.9,8.6,8.6,,,
Cote d'Ivoire,CIV,Time required to start a business (days),IC.REG.DURS,,,,,,,,,,,,,,,,,,,,,,,,,,,,,,,,,,,,,,,,,,,,62,58,45,45,42,40,40,40,32,32,8,7,7,7,8,6,6,,,
Cameroon,CMR,Time required to start a business (days),IC.REG.DURS,,,,,,,,,,,,,,,,,,,,,,,,,,,,,,,,,,,,,,,,,,,,45,45,45,45,38,38.5,35.5,20.5,16.5,16.5,16.5,16.5,16.5,16.5,16.5,13.5,13.5,,,
"Congo, Dem. Rep.",COD,Time required to start a business (days),IC.REG.DURS,,,,,,,,,,,,,,,,,,,,,,,,,,,,,,,,,,,,,,,,,,,,166.5,133.5,133.5,133.5,132.5,132.5,126.5,84.5,65.5,58.5,31.5,16.5,11.5,11.5,7,7,7,,,
"Congo, Rep.",COG,Time required to start a business (days),IC.REG.DURS,,,,,,,,,,,,,,,,,,,,,,,,,,,,,,,,,,,,,,,,,,,,37.5,37.5,37.5,38.5,38.5,158.5,158.5,158.5,158.5,158.5,98.5,50.5,50.5,50.5,49.5,49.5,49.5,,,
Colombia,COL,Time required to start a business (days),IC.REG.DURS,,,,,,,,,,,,,,,,,,,,,,,,,,,,,,,,,,,,,,,,,,,,44,41,41,42,41,35,19,11,11,12,12,12,12,11,11,11,10,,,
Comoros,COM,Time required to start a business (days),IC.REG.DURS,,,,,,,,,,,,,,,,,,,,,,,,,,,,,,,,,,,,,,,,,,,,,,30,30,30,22,22,22,22,20,16,16,16,16,16,16,16,,,
Cabo Verde,CPV,Time required to start a business (days),IC.REG.DURS,,,,,,,,,,,,,,,,,,,,,,,,,,,,,,,,,,,,,,,,,,,,,,60,52,52,52,24,18,18,18,18,18,18,18,18,18,9,,,
Costa Rica,CRI,Time required to start a business (days),IC.REG.DURS,,,,,,,,,,,,,,,,,,,,,,,,,,,,,,,,,,,,,,,,,,,,90,90,90,87,90,74,73.5,73.5,73.5,57.5,23,23,23,22.5,22.5,23,23,,,
Caribbean small states,CSS,Time required to start a business (days),IC.REG.DURS,,,,,,,,,,,,,,,,,,,,,,,,,,,,,,,,,,,,,,,,,,,,31,36.5,90.09090909,84.63636364,79.54166667,79.625,78.125,76.625,71.42307692,71.34615385,33.57692308,23.26923077,22.73076923,21.03846154,20.88461538,20.88461538,19.65384615,,,
Cuba,CUB,Time required to start a business (days),IC.REG.DURS,,,,,,,,,,,,,,,,,,,,,,,,,,,,,,,,,,,,,,,,,,,,,,,,,,,,,,,,,,,,,,,
Curacao,CUW,Time required to start a business (days),IC.REG.DURS,,,,,,,,,,,,,,,,,,,,,,,,,,,,,,,,,,,,,,,,,,,,,,,,,,,,,,,,,,,,,,,
Cayman Islands,CYM,Time required to start a business (days),IC.REG.DURS,,,,,,,,,,,,,,,,,,,,,,,,,,,,,,,,,,,,,,,,,,,,,,,,,,,,,,,,,,,,,,,
Cyprus,CYP,Time required to start a business (days),IC.REG.DURS,,,,,,,,,,,,,,,,,,,,,,,,,,,,,,,,,,,,,,,,,,,,,,,,,8,8,8,8,8,8,8,8,6,6,6,6,,,
Czechia,CZE,Time required to start a business (days),IC.REG.DURS,,,,,,,,,,,,,,,,,,,,,,,,,,,,,,,,,,,,,,,,,,,,57,57,57,39,32,35,32,32,30.5,30.5,30.5,30.5,30.5,24.5,24.5,24.5,24.5,,,
Germany,DEU,Time required to start a business (days),IC.REG.DURS,,,,,,,,,,,,,,,,,,,,,,,,,,,,,,,,,,,,,,,,,,,,45,45,22,22,18,17.5,17.5,14.5,14.5,14.5,14.5,14.5,10.5,8,8,8,8,,,
Djibouti,DJI,Time required to start a business (days),IC.REG.DURS,,,,,,,,,,,,,,,,,,,,,,,,,,,,,,,,,,,,,,,,,,,,,,44,44,44,37,37,37,37,37,17,14,14,14,14,14,14,,,
Dominica,DMA,Time required to start a business (days),IC.REG.DURS,,,,,,,,,,,,,,,,,,,,,,,,,,,,,,,,,,,,,,,,,,,,,,14,14,14,13,13,13,12,12,12,12,12,12,12,12,12,,,
Denmark,DNK,Time required to start a business (days),IC.REG.DURS,,,,,,,,,,,,,,,,,,,,,,,,,,,,,,,,,,,,,,,,,,,,7.5,7.5,6.5,6.5,6.5,6.5,6.5,6,6,6,6,6,3.5,3.5,3.5,3.5,3.5,,,
Dominican Republic,DOM,Time required to start a business (days),IC.REG.DURS,,,,,,,,,,,,,,,,,,,,,,,,,,,,,,,,,,,,,,,,,,,,79,79,76,76,25,15,16,15,14.5,14.5,14.5,14.5,14.5,18.5,16.5,16.5,16.5,,,
Algeria,DZA,Time required to start a business (days),IC.REG.DURS,,,,,,,,,,,,,,,,,,,,,,,,,,,,,,,,,,,,,,,,,,,,25,24,22,22,22,22,22,22,22,22,22,20,18,18,18,18,18,,,
East Asia & Pacific (excluding high income),EAP,Time required to start a business (days),IC.REG.DURS,,,,,,,,,,,,,,,,,,,,,,,,,,,,,,,,,,,,,,,,,,,,46.79411765,50.97222222,50.41666667,49.80555556,46.80555556,46.58333333,44.97222222,41.97222222,37.91666667,39.18421053,41.03333333,35.84761905,35.81904762,33.08095238,32.23333333,30.33809524,29.65238095,,,
Early-demographic dividend,EAR,Time required to start a business (days),IC.REG.DURS,,,,,,,,,,,,,,,,,,,,,,,,,,,,,,,,,,,,,,,,,,,,66.85909091,61.37333333,68.84528302,65.09056604,59.42037037,55.60555556,52.75185185,50.43703704,49.21481481,49.26071429,38.17704918,35.12295082,35.53114754,35.03770492,34.04590164,32.18852459,30.83114754,,,
East Asia & Pacific,EAS,Time required to start a business (days),IC.REG.DURS,,,,,,,,,,,,,,,,,,,,,,,,,,,,,,,,,,,,,,,,,,,,38.89130435,42.35416667,42.5625,45.28,42.36,41.42,39.14,36.18,32.56,33.65384615,34.61724138,30.84482759,27.6862069,25.70344828,25.02068966,23.37241379,22.85862069,,,
Europe & Central Asia (excluding high income),ECA,Time required to start a business (days),IC.REG.DURS,,,,,,,,,,,,,,,,,,,,,,,,,,,,,,,,,,,,,,,,,,,,46.4,44.03333333,45.15625,37.38235294,32.26470588,27.97058824,22.86111111,21.91666667,19.75,18.80555556,16.64210526,15.68421053,13.33157895,12.9,12.16315789,11.55789474,11.34736842,,,
Europe & Central Asia,ECS,Time required to start a business (days),IC.REG.DURS,,,,,,,,,,,,,,,,,,,,,,,,,,,,,,,,,,,,,,,,,,,,43.85365854,38.91666667,33.95348837,29.08888889,25.07777778,21.31521739,18.94680851,18.07446809,16.61702128,16.625,15.50408163,14.20408163,12.26122449,11.87959184,11.59387755,12.552,11.762,,,
Ecuador,ECU,Time required to start a business (days),IC.REG.DURS,,,,,,,,,,,,,,,,,,,,,,,,,,,,,,,,,,,,,,,,,,,,92,92,69,65,65,65,64,56,55.5,55.5,55.5,55.5,50.5,48.5,48.5,48.5,48.5,,,
"Egypt, Arab Rep.",EGY,Time required to start a business (days),IC.REG.DURS,,,,,,,,,,,,,,,,,,,,,,,,,,,,,,,,,,,,,,,,,,,,42.5,42.5,26.5,23.5,17.5,12.5,12.5,12.5,12.5,12.5,12.5,12.5,16.5,16.5,16.5,11.5,12.5,,,
Euro area,EMU,Time required to start a business (days),IC.REG.DURS,,,,,,,,,,,,,,,,,,,,,,,,,,,,,,,,,,,,,,,,,,,,49.78125,41.65625,30.28125,26.5,22.97058824,18.08333333,17.19444444,16,15.55263158,15.15789474,14.42105263,12.39473684,11.42105263,10.89473684,10.36842105,10.44736842,9.815789474,,,
Eritrea,ERI,Time required to start a business (days),IC.REG.DURS,,,,,,,,,,,,,,,,,,,,,,,,,,,,,,,,,,,,,,,,,,,,,76,76,76,83,84,84,84,84,84,84,84,84,84,84,84,84,,,
Spain,ESP,Time required to start a business (days),IC.REG.DURS,,,,,,,,,,,,,,,,,,,,,,,,,,,,,,,,,,,,,,,,,,,,138,137,70,60,60,61,61,52,29,30,24,14,14,13,13,12.5,12.5,,,
Estonia,EST,Time required to start a business (days),IC.REG.DURS,,,,,,,,,,,,,,,,,,,,,,,,,,,,,,,,,,,,,,,,,,,,72,72,35,35,6.5,6.5,6.5,6.5,6.5,6.5,6.5,4.5,3.5,3.5,3.5,3.5,3.5,,,
Ethiopia,ETH,Time required to start a business (days),IC.REG.DURS,,,,,,,,,,,,,,,,,,,,,,,,,,,,,,,,,,,,,,,,,,,,47,35,35,19,19,19,20,20,40,40,39,39,35,35,33,32,32,,,
European Union,EUU,Time required to start a business (days),IC.REG.DURS,,,,,,,,,,,,,,,,,,,,,,,,,,,,,,,,,,,,,,,,,,,,45.45833333,40,30.58333333,26.84,23.06,20.01923077,17.82692308,16.90384615,16.62962963,16.37037037,15.77777778,14.35185185,13.24074074,12.72222222,12.35185185,13.27777778,12.16666667,,,
Fragile and conflict affected situations,FCS,Time required to start a business (days),IC.REG.DURS,,,,,,,,,,,,,,,,,,,,,,,,,,,,,,,,,,,,,,,,,,,,72.22727273,64.5,69.65,67.21666667,62.45,62.73333333,59.83870968,53.06451613,44.77419355,43.47058824,38.83714286,34.12285714,34.02222222,34.46944444,32.84444444,31.67777778,31.21388889,,,
Finland,FIN,Time required to start a business (days),IC.REG.DURS,,,,,,,,,,,,,,,,,,,,,,,,,,,,,,,,,,,,,,,,,,,,31,17,17,17,17,17,17,17,17,17,17,17,17,17,17,17,13,,,
Fiji,FJI,Time required to start a business (days),IC.REG.DURS,,,,,,,,,,,,,,,,,,,,,,,,,,,,,,,,,,,,,,,,,,,,31,31,44,44,44,44,44,44,44,58,58,58,58,40,40,40,40,,,
France,FRA,Time required to start a business (days),IC.REG.DURS,,,,,,,,,,,,,,,,,,,,,,,,,,,,,,,,,,,,,,,,,,,,41,7,7,7,7,6.5,6.5,6.5,6.5,6.5,6.5,4.5,4,3.5,3.5,3.5,4,,,
Faroe Islands,FRO,Time required to start a business (days),IC.REG.DURS,,,,,,,,,,,,,,,,,,,,,,,,,,,,,,,,,,,,,,,,,,,,,,,,,,,,,,,,,,,,,,,
"Micronesia, Fed. Sts.",FSM,Time required to start a business (days),IC.REG.DURS,,,,,,,,,,,,,,,,,,,,,,,,,,,,,,,,,,,,,,,,,,,,36,16,16,16,16,16,16,16,16,16,16,16,16,16,16,16,16,,,
Gabon,GAB,Time required to start a business (days),IC.REG.DURS,,,,,,,,,,,,,,,,,,,,,,,,,,,,,,,,,,,,,,,,,,,,,,54,54,54,54,54,54,54,54,47,47,47,47,33,31,10,,,
United Kingdom,GBR,Time required to start a business (days),IC.REG.DURS,,,,,,,,,,,,,,,,,,,,,,,,,,,,,,,,,,,,,,,,,,,,12,12,11.5,11.5,11.5,11.5,11.5,11.5,11.5,11.5,11.5,6,4.5,4.5,4.5,4.5,4.5,,,
Georgia,GEO,Time required to start a business (days),IC.REG.DURS,,,,,,,,,,,,,,,,,,,,,,,,,,,,,,,,,,,,,,,,,,,,25,25,21,16,11,3,3,3,2,2,2,2,2,2,2,2,1,,,
Ghana,GHA,Time required to start a business (days),IC.REG.DURS,,,,,,,,,,,,,,,,,,,,,,,,,,,,,,,,,,,,,,,,,,,,21,21,17,17,13,11,11,11,11,11,14,14,14,14,14,14,13,,,
Gibraltar,GIB,Time required to start a business (days),IC.REG.DURS,,,,,,,,,,,,,,,,,,,,,,,,,,,,,,,,,,,,,,,,,,,,,,,,,,,,,,,,,,,,,,,
Guinea,GIN,Time required to start a business (days),IC.REG.DURS,,,,,,,,,,,,,,,,,,,,,,,,,,,,,,,,,,,,,,,,,,,,48,40,40,40,40,40,40,40,40,43,23,15,15,15,15,15,15,,,
"Gambia, The",GMB,Time required to start a business (days),IC.REG.DURS,,,,,,,,,,,,,,,,,,,,,,,,,,,,,,,,,,,,,,,,,,,,,,28,27,32,27,27,27,27,27,27,26,25,25,25,25,8,,,
Guinea-Bissau,GNB,Time required to start a business (days),IC.REG.DURS,,,,,,,,,,,,,,,,,,,,,,,,,,,,,,,,,,,,,,,,,,,,,,259.5,260.5,259.5,259.5,216.5,216.5,8.5,8.5,8.5,8.5,8.5,8.5,8.5,8.5,8.5,,,
Equatorial Guinea,GNQ,Time required to start a business (days),IC.REG.DURS,,,,,,,,,,,,,,,,,,,,,,,,,,,,,,,,,,,,,,,,,,,,,,155,155,155,155,155,155,150,150,150,150,150,149,33,33,33,,,
Greece,GRC,Time required to start a business (days),IC.REG.DURS,,,,,,,,,,,,,,,,,,,,,,,,,,,,,,,,,,,,,,,,,,,,38,38,38,38,38,19,19,19,11,11,14,13,13,13,12.5,12.5,4,,,
Grenada,GRD,Time required to start a business (days),IC.REG.DURS,,,,,,,,,,,,,,,,,,,,,,,,,,,,,,,,,,,,,,,,,,,,,,20,20,19,19,19,14,14,14,15,15,15,15,15,15,12,,,
Greenland,GRL,Time required to start a business (days),IC.REG.DURS,,,,,,,,,,,,,,,,,,,,,,,,,,,,,,,,,,,,,,,,,,,,,,,,,,,,,,,,,,,,,,,
Guatemala,GTM,Time required to start a business (days),IC.REG.DURS,,,,,,,,,,,,,,,,,,,,,,,,,,,,,,,,,,,,,,,,,,,,41,41,41,37,36,36,36,36,36,36,26.5,26.5,26.5,26.5,26.5,15,15,,,
Guam,GUM,Time required to start a business (days),IC.REG.DURS,,,,,,,,,,,,,,,,,,,,,,,,,,,,,,,,,,,,,,,,,,,,,,,,,,,,,,,,,,,,,,,
Guyana,GUY,Time required to start a business (days),IC.REG.DURS,,,,,,,,,,,,,,,,,,,,,,,,,,,,,,,,,,,,,,,,,,,,,42,42,42,37,38,27,23,19,18,18,18,18,18,18,18,18,,,
High income,HIC,Time required to start a business (days),IC.REG.DURS,,,,,,,,,,,,,,,,,,,,,,,,,,,,,,,,,,,,,,,,,,,,35.87857143,32.06744186,27.7106383,26.54897959,23.27884615,20.50754717,19.78867925,18.73207547,16.46727273,16.58392857,15.8137931,14.51206897,11.96896552,11.93275862,11.25172414,11.95932203,10.75084746,,,
"Hong Kong SAR, China",HKG,Time required to start a business (days),IC.REG.DURS,,,,,,,,,,,,,,,,,,,,,,,,,,,,,,,,,,,,,,,,,,,,11,11,11,11,11,11,6,6,2.5,2.5,2.5,2.5,1.5,1.5,1.5,1.5,1.5,,,
Honduras,HND,Time required to start a business (days),IC.REG.DURS,,,,,,,,,,,,,,,,,,,,,,,,,,,,,,,,,,,,,,,,,,,,61,61,69,57,20,20,14,43,43,43,43,43,41,42,42,42,42,,,
Heavily indebted poor countries (HIPC),HPC,Time required to start a business (days),IC.REG.DURS,,,,,,,,,,,,,,,,,,,,,,,,,,,,,,,,,,,,,,,,,,,,60.25862069,55.89705882,59.13513514,56.28947368,50.60526316,50.03947368,47.61842105,44.09210526,33.82894737,32.36842105,26.73684211,23.44736842,24.16666667,23.57692308,22.98717949,23.02564103,22.53846154,,,
Croatia,HRV,Time required to start a business (days),IC.REG.DURS,,,,,,,,,,,,,,,,,,,,,,,,,,,,,,,,,,,,,,,,,,,,29,29,29,25,22.5,22.5,22.5,20.5,20,22.5,22.5,22.5,22.5,22.5,22.5,22.5,19.5,,,
Haiti,HTI,Time required to start a business (days),IC.REG.DURS,,,,,,,,,,,,,,,,,,,,,,,,,,,,,,,,,,,,,,,,,,,,260,202,202,202,202,224,224,134,134,134,97,97,97,97,97,97,97,,,
Hungary,HUN,Time required to start a business (days),IC.REG.DURS,,,,,,,,,,,,,,,,,,,,,,,,,,,,,,,,,,,,,,,,,,,,54,54,39,39,17,6,5,5,5,7,7,7,7,7,7,7,7,,,
IBRD only,IBD,Time required to start a business (days),IC.REG.DURS,,,,,,,,,,,,,,,,,,,,,,,,,,,,,,,,,,,,,,,,,,,,56.5,52.11,60.60169492,55.94166667,52.10833333,47.80833333,45.13333333,44.59166667,41.99166667,41.49180328,32.91791045,30.32537313,29.59552239,29.63731343,26.9880597,24.58507463,23.66865672,,,
IDA & IBRD total,IBT,Time required to start a business (days),IC.REG.DURS,,,,,,,,,,,,,,,,,,,,,,,,,,,,,,,,,,,,,,,,,,,,57.3622449,54.24528302,57.916,54.42125984,50.16141732,46.97637795,44.35546875,42.3125,37.3984375,36.70229008,30.65785714,27.70785714,27.52269504,27.02198582,25.26666667,23.84822695,22.96808511,,,
IDA total,IDA,Time required to start a business (days),IC.REG.DURS,,,,,,,,,,,,,,,,,,,,,,,,,,,,,,,,,,,,,,,,,,,,58.19,56.15178571,55.51515152,53.05970149,48.41791045,46.23134328,43.66911765,40.30147059,33.34558824,32.52857143,28.58356164,25.30547945,25.64594595,24.65405405,23.70810811,23.18108108,22.33378378,,,
IDA blend,IDB,Time required to start a business (days),IC.REG.DURS,,,,,,,,,,,,,,,,,,,,,,,,,,,,,,,,,,,,,,,,,,,,55.07142857,62.6875,50.03846154,49.34615385,46.19230769,54.38461538,51.46153846,45.23076923,43.46153846,44.30769231,37.92,29.32,28.85333333,26.09333333,23.56,20.56,19.18,,,
Indonesia,IDN,Time required to start a business (days),IC.REG.DURS,,,,,,,,,,,,,,,,,,,,,,,,,,,,,,,,,,,,,,,,,,,,,,,,,,,,,,76.9,53.9,49.3,26.3,24.5,21,12.6,,,
IDA only,IDX,Time required to start a business (days),IC.REG.DURS,,,,,,,,,,,,,,,,,,,,,,,,,,,,,,,,,,,,,,,,,,,,58.69767442,55.0625,56.85849057,53.9537037,48.9537037,44.26851852,41.82727273,39.13636364,30.95454545,29.84210526,26.16896552,24.26724138,24.83050847,24.28813559,23.74576271,23.84745763,23.13559322,,,
Isle of Man,IMN,Time required to start a business (days),IC.REG.DURS,,,,,,,,,,,,,,,,,,,,,,,,,,,,,,,,,,,,,,,,,,,,,,,,,,,,,,,,,,,,,,,
India,IND,Time required to start a business (days),IC.REG.DURS,,,,,,,,,,,,,,,,,,,,,,,,,,,,,,,,,,,,,,,,,,,,,,,,,,,,,,32.6,35,30,28.5,29.8,16.5,17.5,,,
Not classified,INX,Time required to start a business (days),IC.REG.DURS,,,,,,,,,,,,,,,,,,,,,,,,,,,,,,,,,,,,,,,,,,,,,,,,,,,,,,,,,,,,,,,
Ireland,IRL,Time required to start a business (days),IC.REG.DURS,,,,,,,,,,,,,,,,,,,,,,,,,,,,,,,,,,,,,,,,,,,,24,24,24,19,19,19,19,19,19,16,16,12,12,11,11,11,11,,,
"Iran, Islamic Rep.",IRN,Time required to start a business (days),IC.REG.DURS,,,,,,,,,,,,,,,,,,,,,,,,,,,,,,,,,,,,,,,,,,,,81.5,81.5,80.5,80.5,80.5,80.5,62.5,64.5,64.5,73.5,73.5,72.5,72.5,72.5,72.5,72.5,72.5,,,
Iraq,IRQ,Time required to start a business (days),IC.REG.DURS,,,,,,,,,,,,,,,,,,,,,,,,,,,,,,,,,,,,,,,,,,,,,30.5,30.5,29.5,30.5,30.5,30.5,30.5,30.5,27.5,27.5,27.5,34.5,34.5,26.5,26.5,26.5,,,
Iceland,ISL,Time required to start a business (days),IC.REG.DURS,,,,,,,,,,,,,,,,,,,,,,,,,,,,,,,,,,,,,,,,,,,,,5,5,5,5,5,5,5,4.5,4.5,4.5,12,12,11.5,11.5,11.5,11.5,,,
Israel,ISR,Time required to start a business (days),IC.REG.DURS,,,,,,,,,,,,,,,,,,,,,,,,,,,,,,,,,,,,,,,,,,,,18,18,18,18,18,18,18,18,18,19,12,12,12,11,11,11,11,,,
Italy,ITA,Time required to start a business (days),IC.REG.DURS,,,,,,,,,,,,,,,,,,,,,,,,,,,,,,,,,,,,,,,,,,,,23,15,15,15,15,12,12.5,12.5,12.5,12.5,12.5,11.5,11,11,11,11,11,,,
Jamaica,JAM,Time required to start a business (days),IC.REG.DURS,,,,,,,,,,,,,,,,,,,,,,,,,,,,,,,,,,,,,,,,,,,,31,31,8,8,8,8,8,8,7,7,6,15,3,10,3,3,3,,,
Jordan,JOR,Time required to start a business (days),IC.REG.DURS,,,,,,,,,,,,,,,,,,,,,,,,,,,,,,,,,,,,,,,,,,,,79.5,26.5,16.5,16.5,13.5,13.5,12.5,12.5,12.5,12.5,12.5,12.5,12.5,12.5,12.5,12.5,12.5,,,
Japan,JPN,Time required to start a business (days),IC.REG.DURS,,,,,,,,,,,,,,,,,,,,,,,,,,,,,,,,,,,,,,,,,,,,,,,,,,,,,,11.7,11.2,11.2,11.2,11.2,11.2,11.2,,,
Kazakhstan,KAZ,Time required to start a business (days),IC.REG.DURS,,,,,,,,,,,,,,,,,,,,,,,,,,,,,,,,,,,,,,,,,,,,32,32,31,27,27,27,26,25,25,25,18,16,11,9,9,5,5,,,
Kenya,KEN,Time required to start a business (days),IC.REG.DURS,,,,,,,,,,,,,,,,,,,,,,,,,,,,,,,,,,,,,,,,,,,,60,47,55,55,45,33,33,33,35,34,34,32,28,22,23,23,23,,,
Kyrgyz Republic,KGZ,Time required to start a business (days),IC.REG.DURS,,,,,,,,,,,,,,,,,,,,,,,,,,,,,,,,,,,,,,,,,,,,21,21,21,21,21,19,15,14,14,14,10,10,10,10,10,10,10,,,
Cambodia,KHM,Time required to start a business (days),IC.REG.DURS,,,,,,,,,,,,,,,,,,,,,,,,,,,,,,,,,,,,,,,,,,,,95,95,87,86,86,102,102,102,102,102,101,101,87,99,99,99,99,,,
Kiribati,KIR,Time required to start a business (days),IC.REG.DURS,,,,,,,,,,,,,,,,,,,,,,,,,,,,,,,,,,,,,,,,,,,,21,31,31,31,31,31,31,31,31,31,31,31,31,31,31,31,31,,,
St. Kitts and Nevis,KNA,Time required to start a business (days),IC.REG.DURS,,,,,,,,,,,,,,,,,,,,,,,,,,,,,,,,,,,,,,,,,,,,,,19,19,19,19,19,19,19,19,18.5,18.5,18.5,18.5,18.5,18.5,18.5,,,
"Korea, Rep.",KOR,Time required to start a business (days),IC.REG.DURS,,,,,,,,,,,,,,,,,,,,,,,,,,,,,,,,,,,,,,,,,,,,17,17,17,17,17,17,14,14,9,8,8,8,8,8,8,8,8,,,
Kuwait,KWT,Time required to start a business (days),IC.REG.DURS,,,,,,,,,,,,,,,,,,,,,,,,,,,,,,,,,,,,,,,,,,,,35.4,35.4,35.4,35.4,35.4,35.4,35.4,35.4,32.4,32.4,32.4,31.4,31.4,61.4,38.4,35.4,19.4,,,
Latin America & Caribbean (excluding high income),LAC,Time required to start a business (days),IC.REG.DURS,,,,,,,,,,,,,,,,,,,,,,,,,,,,,,,,,,,,,,,,,,,,82.64285714,73,85.47619048,81.71428571,74.5952381,73.73809524,70.33333333,66.19047619,65.66666667,64.9047619,38.65217391,32.69565217,31.97391304,31.21304348,30.86521739,26.36956522,26.06521739,,,
Lao PDR,LAO,Time required to start a business (days),IC.REG.DURS,,,,,,,,,,,,,,,,,,,,,,,,,,,,,,,,,,,,,,,,,,,,135,135,135,116,86,86,86,86,78,88,88,88,187,174,174,174,173,,,
Lebanon,LBN,Time required to start a business (days),IC.REG.DURS,,,,,,,,,,,,,,,,,,,,,,,,,,,,,,,,,,,,,,,,,,,,53,53,53,53,53,18,15,15,15,15,15,15,15,15,15,15,15,,,
Liberia,LBR,Time required to start a business (days),IC.REG.DURS,,,,,,,,,,,,,,,,,,,,,,,,,,,,,,,,,,,,,,,,,,,,,,,69,69,33,21,21,7,7,6,6,6,6,6,18,18,,,
Libya,LBY,Time required to start a business (days),IC.REG.DURS,,,,,,,,,,,,,,,,,,,,,,,,,,,,,,,,,,,,,,,,,,,,,,,,,,,,,35,35,35,35,35,35,35,35,,,
St. Lucia,LCA,Time required to start a business (days),IC.REG.DURS,,,,,,,,,,,,,,,,,,,,,,,,,,,,,,,,,,,,,,,,,,,,,,22,20,20,20,14,14,11,11,11,11,11,11,11,11,11,,,
Latin America & Caribbean,LCN,Time required to start a business (days),IC.REG.DURS,,,,,,,,,,,,,,,,,,,,,,,,,,,,,,,,,,,,,,,,,,,,74.31578947,67.5,74.79310345,70.65517241,64.3,63.46666667,61.78333333,58.4,53.9516129,53.43548387,35.65151515,30.8030303,31.72424242,32.17878788,31.93636364,28.75757576,28.09090909,,,
Least developed countries: UN classification,LDC,Time required to start a business (days),IC.REG.DURS,,,,,,,,,,,,,,,,,,,,,,,,,,,,,,,,,,,,,,,,,,,,67.98387097,66.59722222,67.625,63.82926829,58.65853659,53,51.2195122,46.51219512,36.14634146,35.1744186,31.075,27.61363636,28.03333333,27.52222222,27.02222222,27.2,26.4,,,
Low income,LIC,Time required to start a business (days),IC.REG.DURS,,,,,,,,,,,,,,,,,,,,,,,,,,,,,,,,,,,,,,,,,,,,69.675,57.97826087,63.07692308,59.44444444,54.77777778,50.81481481,48.14814815,42.48148148,33.74074074,31.375,27.23214286,25.98214286,26.93103448,26.37931034,24.72413793,24.05172414,23.18965517,,,
Liechtenstein,LIE,Time required to start a business (days),IC.REG.DURS,,,,,,,,,,,,,,,,,,,,,,,,,,,,,,,,,,,,,,,,,,,,,,,,,,,,,,,,,,,46,46,,,
Sri Lanka,LKA,Time required to start a business (days),IC.REG.DURS,,,,,,,,,,,,,,,,,,,,,,,,,,,,,,,,,,,,,,,,,,,,56,46,46,46,42,44,44,38,35,11,11,11,10,9,9,9,8,,,
Lower middle income,LMC,Time required to start a business (days),IC.REG.DURS,,,,,,,,,,,,,,,,,,,,,,,,,,,,,,,,,,,,,,,,,,,,60.625,60.91860465,56.86458333,55.30208333,50.79166667,49.55208333,47.21875,43.53125,38.78125,37.8877551,34.37222222,30.24444444,28.86296296,27.67962963,26.8462963,25.25740741,24.22777778,,,
Low & middle income,LMY,Time required to start a business (days),IC.REG.DURS,,,,,,,,,,,,,,,,,,,,,,,,,,,,,,,,,,,,,,,,,,,,57.71978022,54.565,59.32173913,55.94871795,51.37179487,47.88888889,44.91101695,42.77542373,38.13135593,37.26446281,30.77,27.74692308,27.22671756,26.32900763,24.43969466,22.74885496,21.97709924,,,
Lesotho,LSO,Time required to start a business (days),IC.REG.DURS,,,,,,,,,,,,,,,,,,,,,,,,,,,,,,,,,,,,,,,,,,,,138,138,103,73,73,39,39,39,39,29,29,29,29,29,29,29,15,,,
Late-demographic dividend,LTE,Time required to start a business (days),IC.REG.DURS,,,,,,,,,,,,,,,,,,,,,,,,,,,,,,,,,,,,,,,,,,,,42.80606061,38.94722222,34.7525,33.2047619,29.63181818,25.17111111,23.56,22.44888889,19.64666667,18.58,19.0375,18.30625,15.57083333,15.78541667,14.36875,12.32291667,11.27083333,,,
Lithuania,LTU,Time required to start a business (days),IC.REG.DURS,,,,,,,,,,,,,,,,,,,,,,,,,,,,,,,,,,,,,,,,,,,,26,26,26,26,26,26,26,22,22,19.5,8.5,5.5,5.5,5.5,5.5,5.5,5.5,,,
Luxembourg,LUX,Time required to start a business (days),IC.REG.DURS,,,,,,,,,,,,,,,,,,,,,,,,,,,,,,,,,,,,,,,,,,,,,,,28,24,24,22,16.5,16.5,16.5,16.5,16.5,16.5,16.5,16.5,16.5,16.5,,,
Latvia,LVA,Time required to start a business (days),IC.REG.DURS,,,,,,,,,,,,,,,,,,,,,,,,,,,,,,,,,,,,,,,,,,,,16,16,16,16,16,15.5,15.5,15.5,15.5,15.5,12.5,12.5,5.5,5.5,5.5,5.5,5.5,,,
"Macao SAR, China",MAC,Time required to start a business (days),IC.REG.DURS,,,,,,,,,,,,,,,,,,,,,,,,,,,,,,,,,,,,,,,,,,,,,,,,,,,,,,,,,,,,,,,
St. Martin (French part),MAF,Time required to start a business (days),IC.REG.DURS,,,,,,,,,,,,,,,,,,,,,,,,,,,,,,,,,,,,,,,,,,,,,,,,,,,,,,,,,,,,,,,
Morocco,MAR,Time required to start a business (days),IC.REG.DURS,,,,,,,,,,,,,,,,,,,,,,,,,,,,,,,,,,,,,,,,,,,,35,12,12,12,12,12,12,12,12,12,11.5,11.5,10.5,10,9,9,9,,,
Monaco,MCO,Time required to start a business (days),IC.REG.DURS,,,,,,,,,,,,,,,,,,,,,,,,,,,,,,,,,,,,,,,,,,,,,,,,,,,,,,,,,,,,,,,
Moldova,MDA,Time required to start a business (days),IC.REG.DURS,,,,,,,,,,,,,,,,,,,,,,,,,,,,,,,,,,,,,,,,,,,,42,32,30,31,23,16,10,10,9,9,7,7,6,6,5,4,4,,,
Madagascar,MDG,Time required to start a business (days),IC.REG.DURS,,,,,,,,,,,,,,,,,,,,,,,,,,,,,,,,,,,,,,,,,,,,67,47,42,20,12,12,12,12,12,12,12,12,13,12,8,8,8,,,
Maldives,MDV,Time required to start a business (days),IC.REG.DURS,,,,,,,,,,,,,,,,,,,,,,,,,,,,,,,,,,,,,,,,,,,,9,9,9,9,9,9,12,12,12,12,12,12,12,12,12,12,12,,,
Middle East & North Africa,MEA,Time required to start a business (days),IC.REG.DURS,,,,,,,,,,,,,,,,,,,,,,,,,,,,,,,,,,,,,,,,,,,,45.42142857,40.93125,38.99411765,37.7,32.81578947,24.44210526,22.91052632,23.04210526,23.26,24.48571429,23.10952381,22.35238095,22.4,23.41904762,21.2047619,20.37142857,19.51904762,,,
Mexico,MEX,Time required to start a business (days),IC.REG.DURS,,,,,,,,,,,,,,,,,,,,,,,,,,,,,,,,,,,,,,,,,,,,,,,,,,,,,,8.4,8.4,8.4,8.4,8.4,8.4,8.4,,,
Marshall Islands,MHL,Time required to start a business (days),IC.REG.DURS,,,,,,,,,,,,,,,,,,,,,,,,,,,,,,,,,,,,,,,,,,,,22,17,17,17,17,17,17,17,17,17,17,17,17,17,17,17,17,,,
Middle income,MIC,Time required to start a business (days),IC.REG.DURS,,,,,,,,,,,,,,,,,,,,,,,,,,,,,,,,,,,,,,,,,,,,58.22222222,56.01282051,59.97802198,56.70652174,52.26630435,49.45652174,46.45698925,44.37096774,40.98387097,40.24736842,32.63076923,29.18846154,28.28557692,27.28942308,25.08269231,22.86153846,22.08173077,,,
North Macedonia,MKD,Time required to start a business (days),IC.REG.DURS,,,,,,,,,,,,,,,,,,,,,,,,,,,,,,,,,,,,,,,,,,,,60,60,60,31,28,22,17,16,16,15,15,15,15,15,15,15,15,,,
Mali,MLI,Time required to start a business (days),IC.REG.DURS,,,,,,,,,,,,,,,,,,,,,,,,,,,,,,,,,,,,,,,,,,,,33,33,27,42,25,25,8,8,8,8,11,11,8.5,8.5,11,11,11,,,
Malta,MLT,Time required to start a business (days),IC.REG.DURS,,,,,,,,,,,,,,,,,,,,,,,,,,,,,,,,,,,,,,,,,,,,,,,,,,,,38.5,38.5,38.5,33.5,28,26,16,16,20.5,,,
Myanmar,MMR,Time required to start a business (days),IC.REG.DURS,,,,,,,,,,,,,,,,,,,,,,,,,,,,,,,,,,,,,,,,,,,,,,,,,,,,,77,77,77,16,14,14,14,7,,,
Middle East & North Africa (excluding high income),MNA,Time required to start a business (days),IC.REG.DURS,,,,,,,,,,,,,,,,,,,,,,,,,,,,,,,,,,,,,,,,,,,,49.5,42.22727273,39.95833333,39.625,38.875,27.70833333,25.70833333,25.70833333,25.625,27.96153846,26.23076923,25.46153846,26.07692308,26.19230769,25.5,24.80769231,24.88461538,,,
Montenegro,MNE,Time required to start a business (days),IC.REG.DURS,,,,,,,,,,,,,,,,,,,,,,,,,,,,,,,,,,,,,,,,,,,,,,,26,26,23,14,12,12,12,12,12,12,12,12,12,12,,,
Mongolia,MNG,Time required to start a business (days),IC.REG.DURS,,,,,,,,,,,,,,,,,,,,,,,,,,,,,,,,,,,,,,,,,,,,24,17,17,17,17,17,17,17,17,16,16,16,12,12,12,12,12,,,
Northern Mariana Islands,MNP,Time required to start a business (days),IC.REG.DURS,,,,,,,,,,,,,,,,,,,,,,,,,,,,,,,,,,,,,,,,,,,,,,,,,,,,,,,,,,,,,,,
Mozambique,MOZ,Time required to start a business (days),IC.REG.DURS,,,,,,,,,,,,,,,,,,,,,,,,,,,,,,,,,,,,,,,,,,,,177,179,179,117,32,34,34,21,21,21,21,21,21,21,17,17,17,,,
Mauritania,MRT,Time required to start a business (days),IC.REG.DURS,,,,,,,,,,,,,,,,,,,,,,,,,,,,,,,,,,,,,,,,,,,,82,82,82,82,50,19,19,19,19,19,19,8,8,8,6,6,6,,,
Mauritius,MUS,Time required to start a business (days),IC.REG.DURS,,,,,,,,,,,,,,,,,,,,,,,,,,,,,,,,,,,,,,,,,,,,,46.5,46.5,46.5,7.5,6.5,6.5,6.5,6.5,6.5,6.5,6.5,6.5,6.5,5.5,5,4.5,,,
Malawi,MWI,Time required to start a business (days),IC.REG.DURS,,,,,,,,,,,,,,,,,,,,,,,,,,,,,,,,,,,,,,,,,,,,43,37,37,37,37,37,36,36,36,37,40,38,38,37,37,37,37,,,
Malaysia,MYS,Time required to start a business (days),IC.REG.DURS,,,,,,,,,,,,,,,,,,,,,,,,,,,,,,,,,,,,,,,,,,,,37.5,37.5,37.5,37.5,31.5,20.5,18.5,17.5,8.5,9.5,9.5,7.5,7.5,23.5,23.5,13.5,17.5,,,
North America,NAC,Time required to start a business (days),IC.REG.DURS,,,,,,,,,,,,,,,,,,,,,,,,,,,,,,,,,,,,,,,,,,,,3.5,3.5,3.5,3.5,3.5,5.5,5.5,5.5,5.5,5.5,5.85,5.55,3.55,3.55,3.55,3.55,2.85,,,
Namibia,NAM,Time required to start a business (days),IC.REG.DURS,,,,,,,,,,,,,,,,,,,,,,,,,,,,,,,,,,,,,,,,,,,,86,85,95,95,99,66,66,66,66,66,66,66,66,66,54,54,54,,,
New Caledonia,NCL,Time required to start a business (days),IC.REG.DURS,,,,,,,,,,,,,,,,,,,,,,,,,,,,,,,,,,,,,,,,,,,,,,,,,,,,,,,,,,,,,,,
Niger,NER,Time required to start a business (days),IC.REG.DURS,,,,,,,,,,,,,,,,,,,,,,,,,,,,,,,,,,,,,,,,,,,,36,36,36,32,24,20,18,18,18,18,18,16,16,11,8,10,10,,,
Nigeria,NGA,Time required to start a business (days),IC.REG.DURS,,,,,,,,,,,,,,,,,,,,,,,,,,,,,,,,,,,,,,,,,,,,,,,,,,,,,,30.3,30.3,30.3,24.9,18.9,10.9,7.2,,,
Nicaragua,NIC,Time required to start a business (days),IC.REG.DURS,,,,,,,,,,,,,,,,,,,,,,,,,,,,,,,,,,,,,,,,,,,,47,40,40,40,39,39,39,39,39,39,37,14,14,14,14,14,14,,,
Netherlands,NLD,Time required to start a business (days),IC.REG.DURS,,,,,,,,,,,,,,,,,,,,,,,,,,,,,,,,,,,,,,,,,,,,9,9,9,8,8,8,8,8,8,5,4,3.5,3.5,3.5,3.5,3.5,3.5,,,
Norway,NOR,Time required to start a business (days),IC.REG.DURS,,,,,,,,,,,,,,,,,,,,,,,,,,,,,,,,,,,,,,,,,,,,18,18,8,7,8,6,6,6,6,6,6,5,4,4,4,4,4,,,
Nepal,NPL,Time required to start a business (days),IC.REG.DURS,,,,,,,,,,,,,,,,,,,,,,,,,,,,,,,,,,,,,,,,,,,,31,31,31,31,31,31,31,31,29,29,17,17,17,17,18.5,18.5,22.5,,,
Nauru,NRU,Time required to start a business (days),IC.REG.DURS,,,,,,,,,,,,,,,,,,,,,,,,,,,,,,,,,,,,,,,,,,,,,,,,,,,,,,,,,,,,,,,
New Zealand,NZL,Time required to start a business (days),IC.REG.DURS,,,,,,,,,,,,,,,,,,,,,,,,,,,,,,,,,,,,,,,,,,,,12,12,12,12,12,0.5,0.5,0.5,0.5,0.5,0.5,0.5,0.5,0.5,0.5,0.5,0.5,,,
OECD members,OED,Time required to start a business (days),IC.REG.DURS,,,,,,,,,,,,,,,,,,,,,,,,,,,,,,,,,,,,,,,,,,,,39.8030303,33.94117647,27.48529412,24.87142857,22.41428571,19.12857143,17.82857143,16.87142857,15.01428571,14.37142857,12.41578947,11.33421053,10.51842105,10.09736842,10.09736842,10.04473684,9.481578947,,,
Oman,OMN,Time required to start a business (days),IC.REG.DURS,,,,,,,,,,,,,,,,,,,,,,,,,,,,,,,,,,,,,,,,,,,,36.4,36.4,36.4,43.4,40.4,15.4,13.4,13.4,9.3,9.3,9.3,9.3,9.3,7.3,4.3,4.3,4.3,,,
Other small states,OSS,Time required to start a business (days),IC.REG.DURS,,,,,,,,,,,,,,,,,,,,,,,,,,,,,,,,,,,,,,,,,,,,82,85.45,79.78947368,76.45238095,66.9826087,59.31666667,55.47916667,52.66666667,36.08,35.69230769,33.61538462,29.6,24.90769231,24.65384615,18.53846154,18.13461538,15.57692308,,,
Pakistan,PAK,Time required to start a business (days),IC.REG.DURS,,,,,,,,,,,,,,,,,,,,,,,,,,,,,,,,,,,,,,,,,,,,,,,,,,,,,,20,20,20,20,19.5,16.5,16.5,,,
Panama,PAN,Time required to start a business (days),IC.REG.DURS,,,,,,,,,,,,,,,,,,,,,,,,,,,,,,,,,,,,,,,,,,,,18,18,18,18,18,12,12,9,8,7,6,6,6,6,6,6,6,,,
Peru,PER,Time required to start a business (days),IC.REG.DURS,,,,,,,,,,,,,,,,,,,,,,,,,,,,,,,,,,,,,,,,,,,,100.5,100.5,104.5,74.5,74.5,67,41,42.5,41.5,41.5,41.5,41.5,41.5,41,41,26,26,,,
Philippines,PHL,Time required to start a business (days),IC.REG.DURS,,,,,,,,,,,,,,,,,,,,,,,,,,,,,,,,,,,,,,,,,,,,37,37,35,35,35,34,34,29,28,28,28,26,25,25,39,34,33,,,
Palau,PLW,Time required to start a business (days),IC.REG.DURS,,,,,,,,,,,,,,,,,,,,,,,,,,,,,,,,,,,,,,,,,,,,33,24,24,28,28,28,28,28,28,28,28,28,28,28,28,28,28,,,
Papua New Guinea,PNG,Time required to start a business (days),IC.REG.DURS,,,,,,,,,,,,,,,,,,,,,,,,,,,,,,,,,,,,,,,,,,,,52,52,52,52,52,52,52,52,52,52,53,53,53,41,41,41,41,,,
Poland,POL,Time required to start a business (days),IC.REG.DURS,,,,,,,,,,,,,,,,,,,,,,,,,,,,,,,,,,,,,,,,,,,,63,63,52,45,45,45,39,39,39,39,37,37,37,37,37,37,37,,,
Pre-demographic dividend,PRE,Time required to start a business (days),IC.REG.DURS,,,,,,,,,,,,,,,,,,,,,,,,,,,,,,,,,,,,,,,,,,,,57.39583333,55.34482759,62.46969697,60.04411765,54.54411765,52.52941176,50.5,46.97058824,38.47058824,36.15714286,31.10555556,26.05,26.17027027,25.34864865,21.34864865,21.24054054,20.65405405,,,
Puerto Rico,PRI,Time required to start a business (days),IC.REG.DURS,,,,,,,,,,,,,,,,,,,,,,,,,,,,,,,,,,,,,,,,,,,,7,7,7,7,7,7,7,7,6,6,6,6,6,5.5,5.5,5.5,5.5,,,
"Korea, Dem. People's Rep.",PRK,Time required to start a business (days),IC.REG.DURS,,,,,,,,,,,,,,,,,,,,,,,,,,,,,,,,,,,,,,,,,,,,,,,,,,,,,,,,,,,,,,,
Portugal,PRT,Time required to start a business (days),IC.REG.DURS,,,,,,,,,,,,,,,,,,,,,,,,,,,,,,,,,,,,,,,,,,,,78,78,48,9,8,7,7,7,7,7,6,6,6,6,6.5,6.5,6.5,,,
Paraguay,PRY,Time required to start a business (days),IC.REG.DURS,,,,,,,,,,,,,,,,,,,,,,,,,,,,,,,,,,,,,,,,,,,,72,72,72,72,34,35,35,35,35,35,35,35,35,35,35,35,35,,,
West Bank and Gaza,PSE,Time required to start a business (days),IC.REG.DURS,,,,,,,,,,,,,,,,,,,,,,,,,,,,,,,,,,,,,,,,,,,,,74.5,74.5,74.5,73.5,63.5,63.5,63.5,62.5,49.5,47.5,43.5,43.5,43.5,43.5,43.5,43.5,,,
Pacific island small states,PSS,Time required to start a business (days),IC.REG.DURS,,,,,,,,,,,,,,,,,,,,,,,,,,,,,,,,,,,,,,,,,,,,35.44444444,32.77777778,33.44444444,33.88888889,33.88888889,33.11111111,30.22222222,30.22222222,26.11111111,23.88888889,24.33333333,24.33333333,24.33333333,20.44444444,20.44444444,20.44444444,20.44444444,,,
Post-demographic dividend,PST,Time required to start a business (days),IC.REG.DURS,,,,,,,,,,,,,,,,,,,,,,,,,,,,,,,,,,,,,,,,,,,,35.58333333,32.51666667,28.48387097,25.5,22.6875,20.203125,17.734375,17.296875,15.92647059,15.75,14.87222222,13.75833333,12.46666667,11.86944444,11.59166667,11.61944444,11.19166667,,,
French Polynesia,PYF,Time required to start a business (days),IC.REG.DURS,,,,,,,,,,,,,,,,,,,,,,,,,,,,,,,,,,,,,,,,,,,,,,,,,,,,,,,,,,,,,,,
Qatar,QAT,Time required to start a business (days),IC.REG.DURS,,,,,,,,,,,,,,,,,,,,,,,,,,,,,,,,,,,,,,,,,,,,,,,,8.2,8.2,8.2,10.7,9.7,9.7,9.7,9.7,9.7,9.7,9.7,8.7,8.7,,,
Romania,ROU,Time required to start a business (days),IC.REG.DURS,,,,,,,,,,,,,,,,,,,,,,,,,,,,,,,,,,,,,,,,,,,,29,28,11,11,8,8,8,8,12,8,8,8,8,12,12,35,20,,,
Russian Federation,RUS,Time required to start a business (days),IC.REG.DURS,,,,,,,,,,,,,,,,,,,,,,,,,,,,,,,,,,,,,,,,,,,,,,,,,,,,,,13.2,11.5,10.8,10.1,10.1,10.1,10.1,,,
Rwanda,RWA,Time required to start a business (days),IC.REG.DURS,,,,,,,,,,,,,,,,,,,,,,,,,,,,,,,,,,,,,,,,,,,,18,18,18,16,16,14,7,7,7,8,7,7,6,4,4,4,4,,,
South Asia,SAS,Time required to start a business (days),IC.REG.DURS,,,,,,,,,,,,,,,,,,,,,,,,,,,,,,,,,,,,,,,,,,,,39.5,31.5,31.5,31.5,28.1,28.1,28.5,27.3,24.1,19.3,18.8625,17.25,16.5,16.1875,16.1,14.0625,14.5625,,,
Saudi Arabia,SAU,Time required to start a business (days),IC.REG.DURS,,,,,,,,,,,,,,,,,,,,,,,,,,,,,,,,,,,,,,,,,,,,81.3,81.3,74.3,49.3,27.3,27.3,27.3,27.3,27.3,24.3,24.8,24.8,23.3,19.3,17.8,17.8,10.4,,,
Sudan,SDN,Time required to start a business (days),IC.REG.DURS,,,,,,,,,,,,,,,,,,,,,,,,,,,,,,,,,,,,,,,,,,,,,38.5,38.5,38.5,38.5,38.5,36.5,36.5,36.5,36.5,36.5,36.5,36.5,36.5,36.5,34.5,34.5,,,
Senegal,SEN,Time required to start a business (days),IC.REG.DURS,,,,,,,,,,,,,,,,,,,,,,,,,,,,,,,,,,,,,,,,,,,,57,57,57,57,58,9,9,9,6,6,6,6,6,6,6,6,6,,,
Singapore,SGP,Time required to start a business (days),IC.REG.DURS,,,,,,,,,,,,,,,,,,,,,,,,,,,,,,,,,,,,,,,,,,,,8,8,6,6,5,3.5,2.5,2.5,2.5,2.5,2.5,2.5,2.5,2.5,2.5,1.5,1.5,,,
Solomon Islands,SLB,Time required to start a business (days),IC.REG.DURS,,,,,,,,,,,,,,,,,,,,,,,,,,,,,,,,,,,,,,,,,,,,55,55,55,55,55,55,55,55,41,7,9,9,9,9,9,9,9,,,
Sierra Leone,SLE,Time required to start a business (days),IC.REG.DURS,,,,,,,,,,,,,,,,,,,,,,,,,,,,,,,,,,,,,,,,,,,,26,26,26,26,26,17,12,12,12,12,12,12,10,8,8,8,8,,,
El Salvador,SLV,Time required to start a business (days),IC.REG.DURS,,,,,,,,,,,,,,,,,,,,,,,,,,,,,,,,,,,,,,,,,,,,115,115,40,36,19.5,16.5,16.5,16.5,16.5,16.5,16.5,16.5,16.5,16.5,16.5,16.5,16.5,,,
San Marino,SMR,Time required to start a business (days),IC.REG.DURS,,,,,,,,,,,,,,,,,,,,,,,,,,,,,,,,,,,,,,,,,,,,,,,,,,,,,41,41,36,12.5,12.5,12.5,12.5,11.5,,,
Somalia,SOM,Time required to start a business (days),IC.REG.DURS,,,,,,,,,,,,,,,,,,,,,,,,,,,,,,,,,,,,,,,,,,,,,,,,,,,,,,,,70,70,70,70,70,,,
Serbia,SRB,Time required to start a business (days),IC.REG.DURS,,,,,,,,,,,,,,,,,,,,,,,,,,,,,,,,,,,,,,,,,,,,56,56,23,23,23,23,13,13,13,12,12,11.5,11.5,6.5,5.5,5.5,7,,,
Sub-Saharan Africa (excluding high income),SSA,Time required to start a business (days),IC.REG.DURS,,,,,,,,,,,,,,,,,,,,,,,,,,,,,,,,,,,,,,,,,,,,62.515625,60.04166667,64.18604651,60.56818182,55.59090909,51.53409091,48.875,46.875,37.60227273,35.62222222,31.3326087,29.02826087,28.82553191,28.11489362,23.90212766,23.01914894,21.30212766,,,
South Sudan,SSD,Time required to start a business (days),IC.REG.DURS,,,,,,,,,,,,,,,,,,,,,,,,,,,,,,,,,,,,,,,,,,,,,,,,,,,,,14,14,14,14,14,13,13,13,,,
Sub-Saharan Africa,SSF,Time required to start a business (days),IC.REG.DURS,,,,,,,,,,,,,,,,,,,,,,,,,,,,,,,,,,,,,,,,,,,,62.515625,60.04166667,63.47727273,59.95555556,55.08888889,51.12222222,48.52222222,46.56666667,37.5,35.56521739,31.34680851,29.09148936,28.89166667,28.19583333,24.07083333,23.20625,21.525,,,
Small states,SST,Time required to start a business (days),IC.REG.DURS,,,,,,,,,,,,,,,,,,,,,,,,,,,,,,,,,,,,,,,,,,,,52.625,58.21428571,72,69.30487805,63.63863636,59.49111111,56.46666667,54.56666667,43.94680851,43.13541667,31.86458333,26.89791667,24.21041667,22.88541667,19.53125,19.3125,17.59375,,,
Sao Tome and Principe,STP,Time required to start a business (days),IC.REG.DURS,,,,,,,,,,,,,,,,,,,,,,,,,,,,,,,,,,,,,,,,,,,,,145,145,145,145,145,145,147,11,8,8,7,7,7,7,7,7,,,
Suriname,SUR,Time required to start a business (days),IC.REG.DURS,,,,,,,,,,,,,,,,,,,,,,,,,,,,,,,,,,,,,,,,,,,,,,697,689,689,690,690,690,690,690,204,84,84,66,66,66,66,,,
Slovak Republic,SVK,Time required to start a business (days),IC.REG.DURS,,,,,,,,,,,,,,,,,,,,,,,,,,,,,,,,,,,,,,,,,,,,113,62,37,37,37,28.5,28.5,28.5,28.5,28.5,33.5,26.5,26.5,26.5,26.5,26.5,21.5,,,
Slovenia,SVN,Time required to start a business (days),IC.REG.DURS,,,,,,,,,,,,,,,,,,,,,,,,,,,,,,,,,,,,,,,,,,,,61.5,61.5,61.5,61.5,61.5,20.5,6,6,6,6,6,6,6,6,6,8,8,,,
Sweden,SWE,Time required to start a business (days),IC.REG.DURS,,,,,,,,,,,,,,,,,,,,,,,,,,,,,,,,,,,,,,,,,,,,16,16,16,16,16,16,16,16,16,16,16,16,7,7,7,7.5,7.5,,,
Eswatini,SWZ,Time required to start a business (days),IC.REG.DURS,,,,,,,,,,,,,,,,,,,,,,,,,,,,,,,,,,,,,,,,,,,,,,60,60,60,60,60,56,56,56,38,30,30,30,30,30,21.5,,,
Sint Maarten (Dutch part),SXM,Time required to start a business (days),IC.REG.DURS,,,,,,,,,,,,,,,,,,,,,,,,,,,,,,,,,,,,,,,,,,,,,,,,,,,,,,,,,,,,,,,
Seychelles,SYC,Time required to start a business (days),IC.REG.DURS,,,,,,,,,,,,,,,,,,,,,,,,,,,,,,,,,,,,,,,,,,,,,,33,33,33,33,33,33,33,33,32,32,32,32,32,32,32,,,
Syrian Arab Republic,SYR,Time required to start a business (days),IC.REG.DURS,,,,,,,,,,,,,,,,,,,,,,,,,,,,,,,,,,,,,,,,,,,,43.5,43.5,43.5,43.5,43.5,16.5,15.5,13.5,13.5,13.5,13.5,13.5,13.5,15.5,15.5,15.5,15.5,,,
Turks and Caicos Islands,TCA,Time required to start a business (days),IC.REG.DURS,,,,,,,,,,,,,,,,,,,,,,,,,,,,,,,,,,,,,,,,,,,,,,,,,,,,,,,,,,,,,,,
Chad,TCD,Time required to start a business (days),IC.REG.DURS,,,,,,,,,,,,,,,,,,,,,,,,,,,,,,,,,,,,,,,,,,,,62,62,62,62,62,62,62,62,53,60,60,60,60,60,60,58,58,,,
East Asia & Pacific (IDA & IBRD countries),TEA,Time required to start a business (days),IC.REG.DURS,,,,,,,,,,,,,,,,,,,,,,,,,,,,,,,,,,,,,,,,,,,,46.79411765,50.97222222,50.41666667,49.80555556,46.80555556,46.58333333,44.97222222,41.97222222,37.91666667,39.18421053,41.03333333,35.84761905,35.81904762,33.08095238,32.23333333,30.33809524,29.65238095,,,
Europe & Central Asia (IDA & IBRD countries),TEC,Time required to start a business (days),IC.REG.DURS,,,,,,,,,,,,,,,,,,,,,,,,,,,,,,,,,,,,,,,,,,,,45.38888889,43.36111111,42.86842105,35.825,31.2,27.55,22.9047619,22,20.30952381,19.42857143,17.44090909,16.61363636,14.58181818,14.39090909,13.75454545,14.27727273,13.27727273,,,
Togo,TGO,Time required to start a business (days),IC.REG.DURS,,,,,,,,,,,,,,,,,,,,,,,,,,,,,,,,,,,,,,,,,,,,74,63,63,62,60,60,84,84,84,38,19,10,10,6,6,5.5,2.5,,,
Thailand,THA,Time required to start a business (days),IC.REG.DURS,,,,,,,,,,,,,,,,,,,,,,,,,,,,,,,,,,,,,,,,,,,,35,35,35,35,35,35,34,34,32,31,31,31,31,29,6,6,6,,,
Tajikistan,TJK,Time required to start a business (days),IC.REG.DURS,,,,,,,,,,,,,,,,,,,,,,,,,,,,,,,,,,,,,,,,,,,,,,79,79,66,66,42,16,13,13,22,28,11,21,10,10,7,,,
Turkmenistan,TKM,Time required to start a business (days),IC.REG.DURS,,,,,,,,,,,,,,,,,,,,,,,,,,,,,,,,,,,,,,,,,,,,,,,,,,,,,,,,,,,,,,,
Latin America & the Caribbean (IDA & IBRD countries),TLA,Time required to start a business (days),IC.REG.DURS,,,,,,,,,,,,,,,,,,,,,,,,,,,,,,,,,,,,,,,,,,,,78.05555556,70.68421053,77.21428571,72.92857143,67.55357143,66.66071429,64.85714286,61.48214286,58.03571429,57.46428571,37.63333333,32.26666667,33.11333333,33.96333333,33.69666667,30.2,29.8,,,
Timor-Leste,TLS,Time required to start a business (days),IC.REG.DURS,,,,,,,,,,,,,,,,,,,,,,,,,,,,,,,,,,,,,,,,,,,,,167,167,167,158,157,157,110,94,94,94,15,14,14,13,13,13,,,
Middle East & North Africa (IDA & IBRD countries),TMN,Time required to start a business (days),IC.REG.DURS,,,,,,,,,,,,,,,,,,,,,,,,,,,,,,,,,,,,,,,,,,,,49.5,39,36.81818182,36.45454545,35.72727273,24.45454545,22.27272727,22.27272727,22.27272727,26.16666667,24.45833333,23.95833333,24.625,24.75,24,23.25,23.33333333,,,
Tonga,TON,Time required to start a business (days),IC.REG.DURS,,,,,,,,,,,,,,,,,,,,,,,,,,,,,,,,,,,,,,,,,,,,32,32,32,32,32,25,25,25,16,16,16,16,16,16,16,16,16,,,
South Asia (IDA & IBRD),TSA,Time required to start a business (days),IC.REG.DURS,,,,,,,,,,,,,,,,,,,,,,,,,,,,,,,,,,,,,,,,,,,,39.5,31.5,31.5,31.5,28.1,28.1,28.5,27.3,24.1,19.3,18.8625,17.25,16.5,16.1875,16.1,14.0625,14.5625,,,
Sub-Saharan Africa (IDA & IBRD countries),TSS,Time required to start a business (days),IC.REG.DURS,,,,,,,,,,,,,,,,,,,,,,,,,,,,,,,,,,,,,,,,,,,,62.515625,60.04166667,63.47727273,59.95555556,55.08888889,51.12222222,48.52222222,46.56666667,37.5,35.56521739,31.34680851,29.09148936,28.89166667,28.19583333,24.07083333,23.20625,21.525,,,
Trinidad and Tobago,TTO,Time required to start a business (days),IC.REG.DURS,,,,,,,,,,,,,,,,,,,,,,,,,,,,,,,,,,,,,,,,,,,,,,74,41,41,41,41,40,40,40,35.5,11.5,11.5,10.5,10.5,10.5,10.5,,,
Tunisia,TUN,Time required to start a business (days),IC.REG.DURS,,,,,,,,,,,,,,,,,,,,,,,,,,,,,,,,,,,,,,,,,,,,13,13,13,13,13,13,13,13,13,13,13,13,13,13,13,9,9,,,
Turkiye,TUR,Time required to start a business (days),IC.REG.DURS,,,,,,,,,,,,,,,,,,,,,,,,,,,,,,,,,,,,,,,,,,,,40,10.5,10.5,10.5,10.5,10.5,10.5,10.5,10.5,10.5,10.5,11,11,10,10,7,7,,,
Tuvalu,TUV,Time required to start a business (days),IC.REG.DURS,,,,,,,,,,,,,,,,,,,,,,,,,,,,,,,,,,,,,,,,,,,,,,,,,,,,,,,,,,,,,,,
Tanzania,TZA,Time required to start a business (days),IC.REG.DURS,,,,,,,,,,,,,,,,,,,,,,,,,,,,,,,,,,,,,,,,,,,,36,36,36,33,32,31,31,31,31,29,29,29,29,29,29,27.5,29.5,,,
Uganda,UGA,Time required to start a business (days),IC.REG.DURS,,,,,,,,,,,,,,,,,,,,,,,,,,,,,,,,,,,,,,,,,,,,36,36,36,30,30,27,27,26,26,29,28,28,27,26,24,24,24,,,
Ukraine,UKR,Time required to start a business (days),IC.REG.DURS,,,,,,,,,,,,,,,,,,,,,,,,,,,,,,,,,,,,,,,,,,,,41,35,35,34,28,28,28,28,25,23,22,22,8,6.5,6.5,6.5,6.5,,,
Upper middle income,UMC,Time required to start a business (days),IC.REG.DURS,,,,,,,,,,,,,,,,,,,,,,,,,,,,,,,,,,,,,,,,,,,,55.21875,49.98571429,63.45348837,58.23863636,53.875,49.35227273,45.64444444,45.26666667,43.33333333,42.76086957,30.75,28.048,27.662,26.868,23.178,20.274,19.764,,,
Uruguay,URY,Time required to start a business (days),IC.REG.DURS,,,,,,,,,,,,,,,,,,,,,,,,,,,,,,,,,,,,,,,,,,,,45,45,45,43,43,43,64,64,6.5,6.5,6.5,6.5,6.5,6.5,6.5,6.5,6.5,,,
United States,USA,Time required to start a business (days),IC.REG.DURS,,,,,,,,,,,,,,,,,,,,,,,,,,,,,,,,,,,,,,,,,,,,,,,,,,,,,,6.2,5.6,5.6,5.6,5.6,5.6,4.2,,,
Uzbekistan,UZB,Time required to start a business (days),IC.REG.DURS,,,,,,,,,,,,,,,,,,,,,,,,,,,,,,,,,,,,,,,,,,,,28,28,28,28,14,14,14,14,13,11,7.5,7.5,5.5,5.5,5,3,3,,,
St. Vincent and the Grenadines,VCT,Time required to start a business (days),IC.REG.DURS,,,,,,,,,,,,,,,,,,,,,,,,,,,,,,,,,,,,,,,,,,,,,,12,12,12,12,11,10,10,10,10,10,10,10,10,10,10,,,
"Venezuela, RB",VEN,Time required to start a business (days),IC.REG.DURS,,,,,,,,,,,,,,,,,,,,,,,,,,,,,,,,,,,,,,,,,,,,143,143,143,143,142,141,141,141,141,144,144,144,186,230,230,230,230,,,
British Virgin Islands,VGB,Time required to start a business (days),IC.REG.DURS,,,,,,,,,,,,,,,,,,,,,,,,,,,,,,,,,,,,,,,,,,,,,,,,,,,,,,,,,,,,,,,
Virgin Islands (U.S.),VIR,Time required to start a business (days),IC.REG.DURS,,,,,,,,,,,,,,,,,,,,,,,,,,,,,,,,,,,,,,,,,,,,,,,,,,,,,,,,,,,,,,,
Vietnam,VNM,Time required to start a business (days),IC.REG.DURS,,,,,,,,,,,,,,,,,,,,,,,,,,,,,,,,,,,,,,,,,,,,61,47,41,46,37,37,37,36,36,32,34,34,20,24,22,17,16,,,
Vanuatu,VUT,Time required to start a business (days),IC.REG.DURS,,,,,,,,,,,,,,,,,,,,,,,,,,,,,,,,,,,,,,,,,,,,47,47,47,47,47,47,47,47,33,33,35,35,35,18,18,18,18,,,
World,WLD,Time required to start a business (days),IC.REG.DURS,,,,,,,,,,,,,,,,,,,,,,,,,,,,,,,,,,,,,,,,,,,,51.51044776,48.46111111,50.7202454,47.84371257,43.31176471,39.94678363,37.72848837,35.9377907,31.87471264,31.35786517,26.77936508,24.3005291,23.40473684,23.00631579,21.49578947,20.50104712,19.59842932,,,
Samoa,WSM,Time required to start a business (days),IC.REG.DURS,,,,,,,,,,,,,,,,,,,,,,,,,,,,,,,,,,,,,,,,,,,,42,42,35,35,35,35,9,9,9,9,9,9,9,9,9,9,9,,,
Kosovo,XKX,Time required to start a business (days),IC.REG.DURS,,,,,,,,,,,,,,,,,,,,,,,,,,,,,,,,,,,,,,,,,,,,,,,,,,52,58,58,51,29,10,10,6,5.5,5.5,4.5,,,
"Yemen, Rep.",YEM,Time required to start a business (days),IC.REG.DURS,,,,,,,,,,,,,,,,,,,,,,,,,,,,,,,,,,,,,,,,,,,,72.5,63.5,63.5,63.5,63.5,13.5,12.5,12.5,12.5,40.5,40.5,40.5,40.5,40.5,40.5,40.5,40.5,,,
South Africa,ZAF,Time required to start a business (days),IC.REG.DURS,,,,,,,,,,,,,,,,,,,,,,,,,,,,,,,,,,,,,,,,,,,,56,56,53,53,53,45,45,45,45,45,45,46,46,45,45,40,40,,,
Zambia,ZMB,Time required to start a business (days),IC.REG.DURS,,,,,,,,,,,,,,,,,,,,,,,,,,,,,,,,,,,,,,,,,,,,36,36,36,36,34,19,19,19,19,18.5,8.5,8.5,8.5,8.5,8.5,8.5,8.5,,,
Zimbabwe,ZWE,Time required to start a business (days),IC.REG.DURS,,,,,,,,,,,,,,,,,,,,,,,,,,,,,,,,,,,,,,,,,,,,132,94,94,94,94,94,94,87,87,87,91,91,91,91,61,32,27,,,
